Stock,VaR95,ES95,VaR95_Pct,ES95_Pct
A,94.48742659661275,118.40575599613294,0.04724371329830637,0.05920287799806647
B,108.62628383481797,151.55923932194494,0.036208761278272654,0.050519746440648314
Total,153.6676305496062,200.23594405350823,0.03073352610992124,0.04004718881070165
