ES Absolute,ES Diff from Mean
0.07523208731006792,0.12117246735742206
