ES Absolute,ES Diff from Mean
0.07561155700262517,0.12154679835630326
