VaR Absolute,VaR Diff from Mean
0.04266910045914208,0.08857800645311094
