VaR Absolute,VaR Diff from Mean
0.04037547216188537,0.08684004782230186
