VaR Absolute,VaR Diff from Mean
0.03092041680741564,0.0769461532602839
